{
    "loss": 0.6156544089317322,
    "accuracy": 0.8448275923728943
}